variant,side,d,horizon_min,origins,fills,fill_rate,median_bars_to_fill,fills_dropped_no_forward_bar,mean_price_change,n_used,mean,median,std,t_hac,p_raw,ci95_low,ci95_high,family_size,p_bonferroni,p_holm,verdict_holm
A_14bars,buy,0.0005,15,5591,4040,0.7225898765873726,1.0,0,-0.0003258545229860521,4040,-0.00032585452298605213,-0.00019046103620040666,0.0036313987819016685,-5.7360661675248386,9.690081754343012e-09,-0.0004371982290033514,-0.00021451081696875285,18.0,1.7442147157817422e-07,1.7442147157817422e-07,significantly < 0 (adverse selection)
A_14bars,buy,0.0005,30,5591,4040,0.7225898765873726,1.0,0,-0.00023851685731745312,4040,-0.00023851685731745298,-0.00015604839477173504,0.005054846891199874,-3.0408071969088644,0.0023594486417930927,-0.00039225664089118247,-8.47770737437235e-05,18.0,0.042470075552275666,0.028313383701517113,significantly < 0 (adverse selection)
A_14bars,buy,0.0005,60,5591,4040,0.7225898765873726,1.0,0,-0.0002617890017835767,4040,-0.0002617890017835767,-0.00013148664701706503,0.006724729070516989,-2.466794215356484,0.013632867995306708,-0.00046979437179035685,-5.378363177679658e-05,18.0,0.24539162391552075,0.13632867995306708,consistent with zero
A_14bars,buy,0.001,15,5591,3165,0.5660883562868897,3.0,0,-0.00026899068527196253,3165,-0.00026899068527196264,-0.00011271923891975622,0.00387001820572514,-3.9410461861887844,8.11270021310031e-05,-0.00040276778866665797,-0.00013521358187726728,18.0,0.0014602860383580558,0.0012980320340960495,significantly < 0 (adverse selection)
A_14bars,buy,0.001,30,5591,3165,0.5660883562868897,3.0,0,-0.0001460834358129032,3165,-0.00014608343581290324,-5.172111972251425e-05,0.005409613113667064,-1.541587599857385,0.1231738407509473,-0.0003318163349486894,3.964946332288291e-05,18.0,1.0,0.7390430445056838,consistent with zero
A_14bars,buy,0.001,60,5591,3165,0.5660883562868897,3.0,0,-0.0001751594028657852,3165,-0.0001751594028657853,-5.170774780938192e-05,0.007164199623635083,-1.3645324002780421,0.17240006403099017,-0.00042675652840636215,7.643772267479154e-05,18.0,1.0,0.7390430445056838,consistent with zero
A_14bars,buy,0.002,15,5591,1820,0.3255231622250045,4.0,0,-0.00030193093516515864,1820,-0.0003019309351651586,-8.689562355995717e-05,0.004529702944301675,-2.9120031426729565,0.003591190223318677,-0.000505153460667142,-9.870840966317516e-05,18.0,0.06464142401973619,0.03950309245650545,significantly < 0 (adverse selection)
A_14bars,buy,0.002,30,5591,1820,0.3255231622250045,4.0,0,-3.462283454906413e-05,1820,-3.462283454906421e-05,0.00021956877768680716,0.006210538413265654,-0.23930050484346788,0.8108725739704583,-0.00031820249419313884,0.0002489568250950104,18.0,1.0,0.8263514029179153,consistent with zero
A_14bars,buy,0.002,60,5591,1820,0.3255231622250045,4.0,0,-0.0001559705909687926,1820,-0.00015597059096879255,3.9253228985347555e-05,0.008108777282827582,-0.8183178758445464,0.41317570145895766,-0.0005295446840231973,0.00021760350208561218,18.0,1.0,0.8263514029179153,consistent with zero
A_14bars,sell,0.0005,15,5591,3985,0.7127526381684851,2.0,0,0.0002975903501887675,3985,-0.00029759035018876744,-0.0001750199565437871,0.0037678208190332165,-5.006827456345397,5.533448736734909e-07,-0.0004140866927241525,-0.00018109400765338237,18.0,9.960207726122837e-06,9.406862852449346e-06,significantly < 0 (adverse selection)
A_14bars,sell,0.0005,30,5591,3985,0.7127526381684851,2.0,0,0.0003274802288162743,3985,-0.0003274802288162745,-0.00019685039370087587,0.005112870871907656,-3.9410330110001457,8.113145880514547e-05,-0.0004903464739576741,-0.00016461398367487488,18.0,0.0014603662584926184,0.0012980320340960495,significantly < 0 (adverse selection)
A_14bars,sell,0.0005,60,5591,3985,0.7127526381684851,2.0,1,0.00034309506056129103,3984,-0.0003430950605612912,-0.000219706284747323,0.006567236868041642,-3.221440300685318,0.0012754803192403926,-0.0005518421599742688,-0.00013434796114831352,18.0,0.02295864574632707,0.017802847555450165,significantly < 0 (adverse selection)
A_14bars,sell,0.001,15,5591,3166,0.5662672151672331,3.0,0,0.00022970579107653837,3166,-0.0002297057910765385,-7.248258679126707e-05,0.004033755661945173,-3.222306113975437,0.0012716319682464403,-0.00036942664148158086,-8.998494067149614e-05,18.0,0.022889375428435926,0.017802847555450165,significantly < 0 (adverse selection)
A_14bars,sell,0.001,30,5591,3166,0.5662672151672331,3.0,0,0.00022500705552400003,3166,-0.00022500705552400008,-4.958407970578893e-05,0.005441543573303912,-2.288570204761171,0.022104336719335264,-0.0004177098303436448,-3.230428070435536e-05,18.0,0.39787806094803474,0.19893903047401737,consistent with zero
A_14bars,sell,0.001,60,5591,3166,0.5662672151672331,3.0,1,0.00021877664220157293,3165,-0.0002187766422015728,-3.088135383833013e-05,0.006990535303292429,-1.729848828482054,0.08365728785578469,-0.00046666085708488,2.9107572681734395e-05,18.0,1.0,0.5856010149904929,consistent with zero
A_14bars,sell,0.002,15,5591,1811,0.3239134323019138,5.0,0,0.00024247063280533998,1811,-0.00024247063280533995,3.207536795035715e-05,0.004684064439840303,-2.225184630629802,0.026068846185772265,-0.0004560450183896754,-2.8896247221004535e-05,18.0,0.4692392313439008,0.20855076948617812,consistent with zero
A_14bars,sell,0.002,30,5591,1811,0.3239134323019138,5.0,0,0.00020661009789194653,1811,-0.00020661009789194648,5.691908383176347e-06,0.006139201802160655,-1.4523578089806906,0.14640214120395031,-0.0004854365615665044,7.221636578261145e-05,18.0,1.0,0.7390430445056838,consistent with zero
A_14bars,sell,0.002,60,5591,1811,0.3239134323019138,5.0,1,0.00024654602580995687,1810,-0.0002465460258099568,7.483409941094754e-05,0.007926493994655582,-1.2962213806079446,0.1948992254959998,-0.0006193451616804623,0.00012625311006054867,18.0,1.0,0.7390430445056838,consistent with zero
B_15bars,buy,0.0005,15,5591,4090,0.731532820604543,1.0,0,-0.0003183469309039243,4090,-0.0003183469309039243,-0.00018833999138090363,0.0036239681096875112,-5.681340845708378,1.3364284108231614e-08,-0.00042817311481313725,-0.00020852074699471138,18.0,2.4055711394816904e-07,2.4055711394816904e-07,significantly < 0 (adverse selection)
B_15bars,buy,0.0005,30,5591,4090,0.731532820604543,1.0,0,-0.0002386436842184542,4090,-0.00023864368421845433,-0.0001596018243321673,0.005050802224988568,-3.067204158785006,0.0021607122568739145,-0.0003911413977235945,-8.61459707133141e-05,18.0,0.03889282062373046,0.025928547082486972,significantly < 0 (adverse selection)
B_15bars,buy,0.0005,60,5591,4090,0.731532820604543,1.0,0,-0.00027098477816802496,4090,-0.00027098477816802486,-0.0001333017081973087,0.0067176326638451085,-2.5582759960210932,0.010519256732695732,-0.00047859731334225924,-6.337224299379047e-05,18.0,0.18934662118852316,0.10519256732695731,consistent with zero
B_15bars,buy,0.001,15,5591,3232,0.578071901269898,3.0,0,-0.00026516295785841877,3232,-0.00026516295785841866,-0.00011182609743576322,0.003855301933354211,-3.966941442962415,7.280086990174913e-05,-0.0003961755792633837,-0.00013415033645345365,18.0,0.0013104156582314842,0.001164813918427986,significantly < 0 (adverse selection)
B_15bars,buy,0.001,30,5591,3232,0.578071901269898,3.0,0,-0.00015617514400491697,3232,-0.000156175144004917,-5.35036538920064e-05,0.005395430023494495,-1.676146435007233,0.09370951319572815,-0.00033879837778479636,2.644808977496238e-05,18.0,1.0,0.6241988951262505,consistent with zero
B_15bars,buy,0.001,60,5591,3232,0.578071901269898,3.0,0,-0.0001778491333754782,3232,-0.00017784913337547814,-4.485333611947695e-05,0.007136792723997451,-1.3974032616823773,0.16229233886777727,-0.0004273006059563176,7.160233920536132e-05,18.0,1.0,0.6491693554711091,consistent with zero
B_15bars,buy,0.002,15,5591,1878,0.3358969772849222,5.0,0,-0.00029015039303544445,1878,-0.00029015039303544455,-8.31262411430389e-05,0.004479887243456776,-2.8818165858122367,0.003953898137400575,-0.00048748938162662355,-9.281140444426558e-05,18.0,0.07117016647321035,0.043492879511406325,significantly < 0 (adverse selection)
B_15bars,buy,0.002,30,5591,1878,0.3358969772849222,5.0,0,-2.9810682542063762e-05,1878,-2.981068254206368e-05,0.00017591939836925086,0.006139555278871955,-0.2122622827008455,0.8319024189945767,-0.0003050783233070147,0.00024545695822288734,18.0,1.0,0.8859158466461583,consistent with zero
B_15bars,buy,0.002,60,5591,1878,0.3358969772849222,5.0,0,-0.00014201242786999807,1878,-0.00014201242786999812,3.9253228985347555e-05,0.008009077642268329,-0.7672078887431957,0.44295792332307915,-0.000504814170017315,0.00022078931427731884,18.0,1.0,0.8859158466461583,consistent with zero
B_15bars,sell,0.0005,15,5591,4027,0.7202647111429082,2.0,0,0.0002931307391543273,4027,-0.00029313073915432743,-0.0001703690382668377,0.0037549331514409702,-4.979293192048929,6.381690423230766e-07,-0.0004085158403289112,-0.00017774563797974367,18.0,1.1487042761815378e-05,1.0848873719492303e-05,significantly < 0 (adverse selection)
B_15bars,sell,0.0005,30,5591,4027,0.7202647111429082,2.0,0,0.0003187553162977404,4027,-0.0003187553162977405,-0.00019240533390352255,0.005096255591416493,-3.87289043643129,0.00010755218495720857,-0.000480071632934692,-0.00015743899966078897,18.0,0.0019359393292297542,0.0016132827743581286,significantly < 0 (adverse selection)
B_15bars,sell,0.0005,60,5591,4027,0.7202647111429082,2.0,1,0.000334460342839088,4026,-0.0003344603428390876,-0.000219706284747323,0.006540862456402903,-3.1659223297265906,0.0015459206619016902,-0.0005415223625890239,-0.00012739832308915127,18.0,0.027826571914230425,0.021642889266623663,significantly < 0 (adverse selection)
B_15bars,sell,0.001,15,5591,3224,0.5766410302271507,3.0,0,0.00022106574606080336,3224,-0.00022106574606080336,-6.297922065079398e-05,0.004009417675400743,-3.137480315154926,0.0017040671629751404,-0.0003591666482995411,-8.29648438220656e-05,18.0,0.030673208933552527,0.022152873118676825,significantly < 0 (adverse selection)
B_15bars,sell,0.001,30,5591,3224,0.5766410302271507,3.0,0,0.000218869471068222,3224,-0.00021886947106822195,-3.713549472805777e-05,0.005409284797305776,-2.2537625844461426,0.024211107796488312,-0.00040921079905647455,-2.852814307996939e-05,18.0,0.4357999403367896,0.1936888623719065,consistent with zero
B_15bars,sell,0.001,60,5591,3224,0.5766410302271507,3.0,1,0.00021268992295413262,3223,-0.0002126899229541326,-5.920838390682803e-06,0.00695856944392677,-1.6997855488705944,0.0891712707323215,-0.0004579398306657769,3.255998475751171e-05,18.0,1.0,0.6241988951262505,consistent with zero
B_15bars,sell,0.002,15,5591,1868,0.3341083884814881,5.0,0,0.00026374649321565867,1868,-0.00026374649321565867,3.023743857899497e-05,0.004665657021376841,-2.464319079813392,0.013727384605754494,-0.00047351767542061724,-5.3975311010700074e-05,18.0,0.2470929229035809,0.12354646145179045,consistent with zero
B_15bars,sell,0.002,30,5591,1868,0.3341083884814881,5.0,0,0.0002312614117455966,1868,-0.0002312614117455966,-6.828839060779579e-06,0.006144287553061659,-1.6410789930790532,0.1007810187660649,-0.0005074652806226961,4.494245713150289e-05,18.0,1.0,0.6241988951262505,consistent with zero
B_15bars,sell,0.002,60,5591,1868,0.3341083884814881,5.0,1,0.00026118916219743815,1867,-0.00026118916219743815,5.8072683771004385e-05,0.007934976762129411,-1.3950181836753548,0.16301035625967975,-0.000628159832470876,0.00010578150807599967,18.0,1.0,0.6491693554711091,consistent with zero
